Index,Discpline,Area,Subject
1,Architecture,,
2,Architecture,Architectural Engineering,
3,Architecture,Architectural History and Criticism,
4,Architecture,Architectural Technology,
5,Architecture,Construction Engineering,
6,Architecture,Cultural Resource Management and Policy Analysis,
7,Architecture,Environmental Design,
8,Architecture,Historic Preservation and Conservation,
9,Architecture,Interior Architecture,
10,Architecture,Landscape Architecture,
11,Architecture,Other Architecture,
12,Architecture,"Urban, Community and Regional Planning",
13,Arts and Humanities,,
14,Arts and Humanities,African Languages and Societies,
15,Arts and Humanities,American Studies,
16,Arts and Humanities,American Studies,American Film Studies
17,Arts and Humanities,American Studies,American Literature
18,Arts and Humanities,American Studies,American Material Culture
19,Arts and Humanities,American Studies,American Popular Culture
20,Arts and Humanities,American Studies,Other American Studies
21,Arts and Humanities,Appalachian Studies,
22,Arts and Humanities,Art and Design,
23,Arts and Humanities,Art and Design,Art and Materials Conservation
24,Arts and Humanities,Art and Design,Book and Paper
25,Arts and Humanities,Art and Design,Ceramic Arts
26,Arts and Humanities,Art and Design,Fashion Design
27,Arts and Humanities,Art and Design,"Fiber, Textile, and Weaving Arts"
28,Arts and Humanities,Art and Design,Game Design
29,Arts and Humanities,Art and Design,Graphic Design
30,Arts and Humanities,Art and Design,Illustration
31,Arts and Humanities,Art and Design,Industrial and Product Design
32,Arts and Humanities,Art and Design,Interactive Arts
33,Arts and Humanities,Art and Design,Interdisciplinary Arts and Media
34,Arts and Humanities,Art and Design,Metal and Jewelry Arts
35,Arts and Humanities,Art and Design,Painting
36,Arts and Humanities,Art and Design,Printmaking
37,Arts and Humanities,Art and Design,Sculpture
38,Arts and Humanities,Art Practice,
39,Arts and Humanities,Audio Arts and Acoustics,
40,Arts and Humanities,Australian Studies,
41,Arts and Humanities,Basque Studies,
42,Arts and Humanities,Celtic Studies,
43,Arts and Humanities,Classics,
44,Arts and Humanities,Classics,"Ancient History, Greek and Roman through Late Antiquity"
45,Arts and Humanities,Classics,Ancient Philosophy
46,Arts and Humanities,Classics,Byzantine and Modern Greek
47,Arts and Humanities,Classics,Classical Archaeology and Art History
48,Arts and Humanities,Classics,Classical Literature and Philology
49,Arts and Humanities,Classics,Indo-European Linguistics and Philology
50,Arts and Humanities,Classics,Other Classics
51,Arts and Humanities,Comparative Literature,
52,Arts and Humanities,Comparative Literature,Translation Studies
53,Arts and Humanities,Creative Writing,
54,Arts and Humanities,Creative Writing,Fiction
55,Arts and Humanities,Creative Writing,Nonfiction
56,Arts and Humanities,Creative Writing,Poetry
57,Arts and Humanities,Digital Humanities,
58,Arts and Humanities,Dutch Studies,
59,Arts and Humanities,East Asian Languages and Societies,
60,Arts and Humanities,East Asian Languages and Societies,Chinese Studies
61,Arts and Humanities,East Asian Languages and Societies,Japanese Studies
62,Arts and Humanities,East Asian Languages and Societies,Korean Studies
63,Arts and Humanities,English Language and Literature,
64,Arts and Humanities,English Language and Literature,Children's and Young Adult Literature
65,Arts and Humanities,English Language and Literature,"Literature in English, Anglophone outside British Isles and North America"
66,Arts and Humanities,English Language and Literature,"Literature in English, British Isles"
67,Arts and Humanities,English Language and Literature,"Literature in English, North America"
68,Arts and Humanities,English Language and Literature,"Literature in English, North America, Ethnic and Cultural Minority"
69,Arts and Humanities,English Language and Literature,Other English Language and Literature
70,Arts and Humanities,European Languages and Societies,
71,Arts and Humanities,"Feminist, Gender, and Sexuality Studies",
72,Arts and Humanities,"Feminist, Gender, and Sexuality Studies","Lesbian, Gay, Bisexual, and Transgender Studies"
73,Arts and Humanities,"Feminist, Gender, and Sexuality Studies","Other Feminist, Gender, and Sexuality Studies"
74,Arts and Humanities,"Feminist, Gender, and Sexuality Studies",Women's Studies
75,Arts and Humanities,Film and Media Studies,
76,Arts and Humanities,Film and Media Studies,Film Production
77,Arts and Humanities,Film and Media Studies,Other Film and Media Studies
78,Arts and Humanities,Film and Media Studies,Screenwriting
79,Arts and Humanities,Film and Media Studies,Visual Studies
80,Arts and Humanities,Fine Arts,
81,Arts and Humanities,French and Francophone Language and Literature,
82,Arts and Humanities,French and Francophone Language and Literature,French and Francophone Literature
83,Arts and Humanities,French and Francophone Language and Literature,French Linguistics
84,Arts and Humanities,French and Francophone Language and Literature,Other French and Francophone Language and Literature
85,Arts and Humanities,German Language and Literature,
86,Arts and Humanities,German Language and Literature,German Linguistics
87,Arts and Humanities,German Language and Literature,German Literature
88,Arts and Humanities,German Language and Literature,Other German Language and Literature
89,Arts and Humanities,History,
90,Arts and Humanities,History,African History
91,Arts and Humanities,History,Asian History
92,Arts and Humanities,History,Canadian History
93,Arts and Humanities,History,Cultural History
94,Arts and Humanities,History,Diplomatic History
95,Arts and Humanities,History,European History
96,Arts and Humanities,History,Genealogy
97,Arts and Humanities,History,History of Gender
98,Arts and Humanities,History,History of Religion
99,Arts and Humanities,History,"History of Science, Technology, and Medicine"
100,Arts and Humanities,History,History of the Pacific Islands
101,Arts and Humanities,History,Intellectual History
102,Arts and Humanities,History,Islamic World and Near East History
103,Arts and Humanities,History,Labor History
104,Arts and Humanities,History,Latin American History
105,Arts and Humanities,History,Legal
106,Arts and Humanities,History,Medieval History
107,Arts and Humanities,History,Military History
108,Arts and Humanities,History,Oral History
109,Arts and Humanities,History,Other History
110,Arts and Humanities,History,Political History
111,Arts and Humanities,History,Public History
112,Arts and Humanities,History,Social History
113,Arts and Humanities,History,United States History
114,Arts and Humanities,History,Women's History
115,Arts and Humanities,"History of Art, Architecture, and Archaeology",
116,Arts and Humanities,"History of Art, Architecture, and Archaeology",American Art and Architecture
117,Arts and Humanities,"History of Art, Architecture, and Archaeology","Ancient, Medieval, Renaissance and Baroque Art and Architecture"
118,Arts and Humanities,"History of Art, Architecture, and Archaeology",Asian Art and Architecture
119,Arts and Humanities,"History of Art, Architecture, and Archaeology",Contemporary Art
120,Arts and Humanities,"History of Art, Architecture, and Archaeology",Modern Art and Architecture
121,Arts and Humanities,"History of Art, Architecture, and Archaeology","Other History of Art, Architecture, and Archaeology"
122,Arts and Humanities,"History of Art, Architecture, and Archaeology",Theory and Criticism
123,Arts and Humanities,Italian Language and Literature,
124,Arts and Humanities,Italian Language and Literature,Italian Linguistics
125,Arts and Humanities,Italian Language and Literature,Italian Literature
126,Arts and Humanities,Italian Language and Literature,Other Italian Language and Literature
127,Arts and Humanities,Jewish Studies,
128,Arts and Humanities,Jewish Studies,Yiddish Language and Literature
129,Arts and Humanities,Latin American Languages and Societies,
130,Arts and Humanities,Latin American Languages and Societies,Caribbean Languages and Societies
131,Arts and Humanities,Medieval Studies,
132,Arts and Humanities,Modern Languages,
133,Arts and Humanities,Modern Literature,
134,Arts and Humanities,Museum Studies,
135,Arts and Humanities,Music,
136,Arts and Humanities,Music,Composition
137,Arts and Humanities,Music,Ethnomusicology
138,Arts and Humanities,Music,Music Education
139,Arts and Humanities,Music,Music Pedagogy
140,Arts and Humanities,Music,Music Performance
141,Arts and Humanities,Music,Music Practice
142,Arts and Humanities,Music,Music Theory
143,Arts and Humanities,Music,Music Therapy
144,Arts and Humanities,Music,Musicology
145,Arts and Humanities,Music,Other Music
146,Arts and Humanities,Near Eastern Languages and Societies,
147,Arts and Humanities,Other Arts and Humanities,
148,Arts and Humanities,"Other Languages, Societies, and Cultures",
149,Arts and Humanities,Pacific Islands Languages and Societies,
150,Arts and Humanities,Pacific Islands Languages and Societies,Hawaiian Studies
151,Arts and Humanities,Pacific Islands Languages and Societies,Melanesian Studies
152,Arts and Humanities,Pacific Islands Languages and Societies,Micronesian Studies
153,Arts and Humanities,Pacific Islands Languages and Societies,Polynesian Studies
154,Arts and Humanities,Philosophy,
155,Arts and Humanities,Philosophy,Comparative Philosophy
156,Arts and Humanities,Philosophy,Continental Philosophy
157,Arts and Humanities,Philosophy,Epistemology
158,Arts and Humanities,Philosophy,Esthetics
159,Arts and Humanities,Philosophy,Ethics and Political Philosophy
160,Arts and Humanities,Philosophy,Feminist Philosophy
161,Arts and Humanities,Philosophy,History of Philosophy
162,Arts and Humanities,Philosophy,Logic and Foundations of Mathematics
163,Arts and Humanities,Philosophy,Metaphysics
164,Arts and Humanities,Philosophy,Other Philosophy
165,Arts and Humanities,Philosophy,Philosophy of Language
166,Arts and Humanities,Philosophy,Philosophy of Mind
167,Arts and Humanities,Philosophy,Philosophy of Science
168,Arts and Humanities,Photography,
169,Arts and Humanities,"Race, Ethnicity and Post-Colonial Studies",
170,Arts and Humanities,"Race, Ethnicity and Post-Colonial Studies",African American Studies
171,Arts and Humanities,"Race, Ethnicity and Post-Colonial Studies",Asian American Studies
172,Arts and Humanities,"Race, Ethnicity and Post-Colonial Studies",Chicana/o Studies
173,Arts and Humanities,"Race, Ethnicity and Post-Colonial Studies",Ethnic Studies
174,Arts and Humanities,"Race, Ethnicity and Post-Colonial Studies",Indigenous Studies
175,Arts and Humanities,"Race, Ethnicity and Post-Colonial Studies",Latina/o Studies
176,Arts and Humanities,Radio,
177,Arts and Humanities,Reading and Language,
178,Arts and Humanities,Religion,
179,Arts and Humanities,Religion,Biblical Studies
180,Arts and Humanities,Religion,Buddhist Studies
181,Arts and Humanities,Religion,Catholic Studies
182,Arts and Humanities,Religion,Christian Denominations and Sects
183,Arts and Humanities,Religion,Christianity
184,Arts and Humanities,Religion,Comparative Methodologies and Theories
185,Arts and Humanities,Religion,Ethics in Religion
186,Arts and Humanities,Religion,Hindu Studies
187,Arts and Humanities,Religion,History of Christianity
188,Arts and Humanities,Religion,History of Religions of Eastern Origins
189,Arts and Humanities,Religion,History of Religions of Western Origin
190,Arts and Humanities,Religion,Islamic Studies
191,Arts and Humanities,Religion,Liturgy and Worship
192,Arts and Humanities,Religion,Missions and World Christianity
193,Arts and Humanities,Religion,Mormon Studies
194,Arts and Humanities,Religion,New Religious Movements
195,Arts and Humanities,Religion,Other Religion
196,Arts and Humanities,Religion,Practical Theology
197,Arts and Humanities,Religion,"Religious Thought, Theology and Philosophy of Religion"
198,Arts and Humanities,Rhetoric and Composition,
199,Arts and Humanities,Rhetoric and Composition,Other Rhetoric and Composition
200,Arts and Humanities,Rhetoric and Composition,Rhetoric
201,Arts and Humanities,Scandinavian Studies,
202,Arts and Humanities,Slavic Languages and Societies,
203,Arts and Humanities,Slavic Languages and Societies,Russian Linguistics
204,Arts and Humanities,Slavic Languages and Societies,Russian Literature
205,Arts and Humanities,South and Southeast Asian Languages and Societies,
206,Arts and Humanities,Spanish and Portuguese Language and Literature,
207,Arts and Humanities,Spanish and Portuguese Language and Literature,Latin American Literature
208,Arts and Humanities,Spanish and Portuguese Language and Literature,Other Spanish and Portuguese Language and Literature
209,Arts and Humanities,Spanish and Portuguese Language and Literature,Portuguese Literature
210,Arts and Humanities,Spanish and Portuguese Language and Literature,Spanish Linguistics
211,Arts and Humanities,Spanish and Portuguese Language and Literature,Spanish Literature
212,Arts and Humanities,Technical and Professional Writing,
213,Arts and Humanities,Television,
214,Arts and Humanities,Theatre and Performance Studies,
215,Arts and Humanities,Theatre and Performance Studies,Acting
216,Arts and Humanities,Theatre and Performance Studies,Dance
217,Arts and Humanities,Theatre and Performance Studies,"Dramatic Literature, Criticism and Theory"
218,Arts and Humanities,Theatre and Performance Studies,Other Theatre and Performance Studies
219,Arts and Humanities,Theatre and Performance Studies,Performance Studies
220,Arts and Humanities,Theatre and Performance Studies,Playwriting
221,Arts and Humanities,Theatre and Performance Studies,Theatre History
222,Business,,
223,Business,Accounting,
224,Business,Advertising and Promotion Management,
225,Business,Agribusiness,
226,Business,Arts Management,
227,Business,"Business Administration, Management, and Operations",
228,Business,Business and Corporate Communications,
229,Business,Business Intelligence,
230,Business,"Business Law, Public Responsibility, and Ethics",
231,Business,Corporate Finance,
232,Business,E-Commerce,
233,Business,Entrepreneurial and Small Business Operations,
234,Business,Fashion Business,
235,Business,Finance and Financial Management,
236,Business,Hospitality Administration and Management,
237,Business,Hospitality Administration and Management,Food and Beverage Management
238,Business,Hospitality Administration and Management,Gaming and Casino Operations Management
239,Business,Human Resources Management,
240,Business,Human Resources Management,Benefits and Compensation
241,Business,Human Resources Management,Performance Management
242,Business,Human Resources Management,Training and Development
243,Business,Insurance,
244,Business,International Business,
245,Business,Labor Relations,
246,Business,Labor Relations,Collective Bargaining
247,Business,Labor Relations,International and Comparative Labor Relations
248,Business,Labor Relations,Unions
249,Business,Management Information Systems,
250,Business,Management Sciences and Quantitative Methods,
251,Business,Marketing,
252,Business,Marketing,Art Direction
253,Business,Nonprofit Administration and Management,
254,Business,Operations and Supply Chain Management,
255,Business,Organizational Behavior and Theory,
256,Business,Other Business,
257,Business,Portfolio and Security Analysis,
258,Business,Real Estate,
259,Business,Recreation Business,
260,Business,Sales and Merchandising,
261,Business,Sports Management,
262,Business,Strategic Management Policy,
263,Business,Taxation,
264,Business,Technology and Innovation,
265,Business,Tourism and Travel,
266,Education,,
267,Education,Adult and Continuing Education,
268,Education,Art Education,
269,Education,"Bilingual, Multilingual, and Multicultural Education",
270,Education,Community College Leadership,
271,Education,Curriculum and Instruction,
272,Education,Curriculum and Social Inquiry,
273,Education,Disability and Equity in Education,
274,Education,Disability and Equity in Education,Accessibility
275,Education,Disability and Equity in Education,Gender Equity in Education
276,Education,Early Childhood Education,
277,Education,Education Economics,
278,Education,Educational Administration and Supervision,
279,Education,Educational Administration and Supervision,Adult and Continuing Education Administration
280,Education,Educational Administration and Supervision,Community College Education Administration
281,Education,Educational Administration and Supervision,Elementary and Middle and Secondary Education Administration
282,Education,Educational Administration and Supervision,Higher Education Administration
283,Education,Educational Administration and Supervision,Other Educational Administration and Supervision
284,Education,Educational Administration and Supervision,Special Education Administration
285,Education,Educational Administration and Supervision,Urban Education
286,Education,"Educational Assessment, Evaluation, and Research",
287,Education,Educational Leadership,
288,Education,Educational Methods,
289,Education,Educational Psychology,
290,Education,Elementary Education,
291,Education,Gifted Education,
292,Education,Health and Physical Education,
293,Education,Higher Education,
294,Education,Higher Education,Scholarship of Teaching and Learning
295,Education,Higher Education,University Extension
296,Education,Home Economics,
297,Education,Humane Education,
298,Education,Indigenous Education,
299,Education,Instructional Media Design,
300,Education,International and Comparative Education,
301,Education,Language and Literacy Education,
302,Education,Liberal Studies,
303,Education,Online and Distance Education,
304,Education,Other Education,
305,Education,Outdoor Education,
306,Education,Science and Mathematics Education,
307,Education,Secondary Education,
308,Education,Social and Philosophical Foundations of Education,
309,Education,Special Education and Teaching,
310,Education,Student Counseling and Personnel Services,
311,Education,Teacher Education and Professional Development,
312,Education,Teacher Education and Professional Development,Adult and Continuing Education and Teaching
313,Education,Teacher Education and Professional Development,Elementary Education and Teaching
314,Education,Teacher Education and Professional Development,Higher Education and Teaching
315,Education,Teacher Education and Professional Development,"Junior High, Intermediate, Middle School Education and Teaching"
316,Education,Teacher Education and Professional Development,Other Teacher Education and Professional Development
317,Education,Teacher Education and Professional Development,"Pre-Elementary, Early Childhood, Kindergarten Teacher Education"
318,Education,Teacher Education and Professional Development,Secondary Education and Teaching
319,Education,Vocational Education,
320,Engineering,,
321,Engineering,Aerospace Engineering,
322,Engineering,Aerospace Engineering,Aerodynamics and Fluid Mechanics
323,Engineering,Aerospace Engineering,Aeronautical Vehicles
324,Engineering,Aerospace Engineering,Astrodynamics
325,Engineering,Aerospace Engineering,Multi-Vehicle Systems and Air Traffic Control
326,Engineering,Aerospace Engineering,"Navigation, Guidance, Control and Dynamics"
327,Engineering,Aerospace Engineering,Other Aerospace Engineering
328,Engineering,Aerospace Engineering,Propulsion and Power
329,Engineering,Aerospace Engineering,Space Vehicles
330,Engineering,Aerospace Engineering,Structures and Materials
331,Engineering,Aerospace Engineering,Systems Engineering and Multidisciplinary Design Optimization
332,Engineering,Automotive Engineering,
333,Engineering,Aviation,
334,Engineering,Aviation,Aviation and Space Education
335,Engineering,Aviation,Aviation Safety and Security
336,Engineering,Aviation,Maintenance Technology
337,Engineering,Aviation,Management and Operations
338,Engineering,Biomedical Engineering and Bioengineering,
339,Engineering,Biomedical Engineering and Bioengineering,Bioelectrical and Neuroengineering
340,Engineering,Biomedical Engineering and Bioengineering,Bioimaging and Biomedical Optics
341,Engineering,Biomedical Engineering and Bioengineering,Biological Engineering
342,Engineering,Biomedical Engineering and Bioengineering,Biomaterials
343,Engineering,Biomedical Engineering and Bioengineering,Biomechanics and Biotransport
344,Engineering,Biomedical Engineering and Bioengineering,Biomedical Devices and Instrumentation
345,Engineering,Biomedical Engineering and Bioengineering,"Molecular, Cellular, and Tissue Engineering"
346,Engineering,Biomedical Engineering and Bioengineering,Other Biomedical Engineering and Bioengineering
347,Engineering,Biomedical Engineering and Bioengineering,Systems and Integrative Engineering
348,Engineering,Biomedical Engineering and Bioengineering,Vision Science
349,Engineering,Bioresource and Agricultural Engineering,
350,Engineering,Chemical Engineering,
351,Engineering,Chemical Engineering,Biochemical and Biomolecular Engineering
352,Engineering,Chemical Engineering,Catalysis and Reaction Engineering
353,Engineering,Chemical Engineering,Complex Fluids
354,Engineering,Chemical Engineering,Membrane Science
355,Engineering,Chemical Engineering,Other Chemical Engineering
356,Engineering,Chemical Engineering,Petroleum Engineering
357,Engineering,Chemical Engineering,Polymer Science
358,Engineering,Chemical Engineering,Process Control and Systems
359,Engineering,Chemical Engineering,Thermodynamics
360,Engineering,Chemical Engineering,Transport Phenomena
361,Engineering,Civil and Environmental Engineering,
362,Engineering,Civil and Environmental Engineering,Civil Engineering
363,Engineering,Civil and Environmental Engineering,Construction Engineering and Management
364,Engineering,Civil and Environmental Engineering,Environmental Engineering
365,Engineering,Civil and Environmental Engineering,Geotechnical Engineering
366,Engineering,Civil and Environmental Engineering,Hydraulic Engineering
367,Engineering,Civil and Environmental Engineering,Other Civil and Environmental Engineering
368,Engineering,Civil and Environmental Engineering,Structural Engineering
369,Engineering,Civil and Environmental Engineering,Transportation Engineering
370,Engineering,Computational Engineering,
371,Engineering,Computer Engineering,
372,Engineering,Computer Engineering,Computer and Systems Architecture
373,Engineering,Computer Engineering,Data Storage Systems
374,Engineering,Computer Engineering,Digital Circuits
375,Engineering,Computer Engineering,Digital Communications and Networking
376,Engineering,Computer Engineering,Hardware Systems
377,Engineering,Computer Engineering,Other Computer Engineering
378,Engineering,Computer Engineering,Robotics
379,Engineering,Electrical and Computer Engineering,
380,Engineering,Electrical and Computer Engineering,Biomedical
381,Engineering,Electrical and Computer Engineering,Controls and Control Theory
382,Engineering,Electrical and Computer Engineering,Electrical and Electronics
383,Engineering,Electrical and Computer Engineering,Electromagnetics and Photonics
384,Engineering,Electrical and Computer Engineering,Electronic Devices and Semiconductor Manufacturing
385,Engineering,Electrical and Computer Engineering,Nanotechnology Fabrication
386,Engineering,Electrical and Computer Engineering,Other Electrical and Computer Engineering
387,Engineering,Electrical and Computer Engineering,Power and Energy
388,Engineering,Electrical and Computer Engineering,Signal Processing
389,Engineering,Electrical and Computer Engineering,Systems and Communications
390,Engineering,Electrical and Computer Engineering,"VLSI and Circuits, Embedded and Hardware Systems"
391,Engineering,Engineering Education,
392,Engineering,Engineering Science and Materials,
393,Engineering,Engineering Science and Materials,Dynamics and Dynamical Systems
394,Engineering,Engineering Science and Materials,Engineering Mechanics
395,Engineering,Engineering Science and Materials,Mechanics of Materials
396,Engineering,Engineering Science and Materials,Other Engineering Science and Materials
397,Engineering,Materials Science and Engineering,
398,Engineering,Materials Science and Engineering,Biology and Biomimetic Materials
399,Engineering,Materials Science and Engineering,Ceramic Materials
400,Engineering,Materials Science and Engineering,Metallurgy
401,Engineering,Materials Science and Engineering,Other Materials Science and Engineering
402,Engineering,Materials Science and Engineering,Polymer and Organic Materials
403,Engineering,Materials Science and Engineering,Semiconductor and Optical Materials
404,Engineering,Materials Science and Engineering,Structural Materials
405,Engineering,Mechanical Engineering,
406,Engineering,Mechanical Engineering,"Acoustics, Dynamics, and Controls"
407,Engineering,Mechanical Engineering,Applied Mechanics
408,Engineering,Mechanical Engineering,Biomechanical Engineering
409,Engineering,Mechanical Engineering,Computer-Aided Engineering and Design
410,Engineering,Mechanical Engineering,Electro-Mechanical Systems
411,Engineering,Mechanical Engineering,Energy Systems
412,Engineering,Mechanical Engineering,"Heat Transfer, Combustion"
413,Engineering,Mechanical Engineering,Manufacturing
414,Engineering,Mechanical Engineering,Ocean Engineering
415,Engineering,Mechanical Engineering,Other Mechanical Engineering
416,Engineering,Mechanical Engineering,Tribology
417,Engineering,Mining Engineering,
418,Engineering,Nanoscience and Nanotechnology,
419,Engineering,Nuclear Engineering,
420,Engineering,"Operations Research, Systems Engineering and Industrial Engineering",
421,Engineering,"Operations Research, Systems Engineering and Industrial Engineering",Ergonomics
422,Engineering,"Operations Research, Systems Engineering and Industrial Engineering",Industrial Engineering
423,Engineering,"Operations Research, Systems Engineering and Industrial Engineering",Industrial Technology
424,Engineering,"Operations Research, Systems Engineering and Industrial Engineering",Operational Research
425,Engineering,"Operations Research, Systems Engineering and Industrial Engineering","Other Operations Research, Systems Engineering and Industrial Engineering"
426,Engineering,"Operations Research, Systems Engineering and Industrial Engineering",Systems Engineering
427,Engineering,Other Engineering,
428,Engineering,Risk Analysis,
429,Law,,
430,Law,Accounting Law,
431,Law,Administrative Law,
432,Law,Admiralty,
433,Law,Agency,
434,Law,Agriculture Law,
435,Law,Air and Space Law,
436,Law,Animal Law,
437,Law,Antitrust and Trade Regulation,
438,Law,Banking and Finance Law,
439,Law,Bankruptcy Law,
440,Law,Business Organizations Law,
441,Law,Civil Law,
442,Law,Civil Procedure,
443,Law,Civil Rights and Discrimination,
444,Law,Commercial Law,
445,Law,Common Law,
446,Law,Communications Law,
447,Law,Comparative and Foreign Law,
448,Law,Computer Law,
449,Law,Conflict of Laws,
450,Law,Constitutional Law,
451,Law,Construction Law,
452,Law,Consumer Protection Law,
453,Law,Contracts,
454,Law,Courts,
455,Law,Criminal Law,
456,Law,Criminal Procedure,
457,Law,Cultural Heritage Law,
458,Law,Disability Law,
459,Law,Disaster Law,
460,Law,Dispute Resolution and Arbitration,
461,Law,Education Law,
462,Law,Elder Law,
463,Law,Election Law,
464,Law,Energy and Utilities Law,
465,Law,"Entertainment, Arts, and Sports Law",
466,Law,Environmental Law,
467,Law,Estates and Trusts,
468,Law,European Law,
469,Law,Evidence,
470,Law,Family Law,
471,Law,First Amendment,
472,Law,Food and Drug Law,
473,Law,Fourteenth Amendment,
474,Law,Fourth Amendment,
475,Law,Gaming Law,
476,Law,Government Contracts,
477,Law,Health Law and Policy,
478,Law,Housing Law,
479,Law,Human Rights Law,
480,Law,Immigration Law,
481,Law,Indian and Aboriginal Law,
482,Law,Insurance Law,
483,Law,Intellectual Property Law,
484,Law,International Humanitarian Law,
485,Law,International Law,
486,Law,International Trade Law,
487,Law,Internet Law,
488,Law,Judges,
489,Law,Jurisdiction,
490,Law,Jurisprudence,
491,Law,Juvenile Law,
492,Law,Labor and Employment Law,
493,Law,Land Use Law,
494,Law,Law and Economics,
495,Law,Law and Gender,
496,Law,Law and Philosophy,
497,Law,Law and Politics,
498,Law,Law and Psychology,
499,Law,Law and Race,
500,Law,Law and Society,
501,Law,Law Enforcement and Corrections,
502,Law,Law of the Sea,
503,Law,Legal Biography,
504,Law,Legal Education,
505,Law,Legal Ethics and Professional Responsibility,
506,Law,Legal History,
507,Law,Legal Profession,
508,Law,Legal Remedies,
509,Law,Legal Writing and Research,
510,Law,Legislation,
511,Law,Litigation,
512,Law,Marketing Law,
513,Law,Medical Jurisprudence,
514,Law,"Military, War, and Peace",
515,Law,National Security Law,
516,Law,Natural Law,
517,Law,Natural Resources Law,
518,Law,Nonprofit Organizations Law,
519,Law,"Oil, Gas, and Mineral Law",
520,Law,Organizations Law,
521,Law,Other Law,
522,Law,President/Executive Department,
523,Law,Privacy Law,
524,Law,Property Law and Real Estate,
525,Law,Public Law and Legal Theory,
526,Law,Religion Law,
527,Law,Retirement Security Law,
528,Law,Rule of Law,
529,Law,Science and Technology Law,
530,Law,Second Amendment,
531,Law,Secured Transactions,
532,Law,Securities Law,
533,Law,Sexuality and the Law,
534,Law,Social Welfare Law,
535,Law,State and Local Government Law,
536,Law,Supreme Court of the United States,
537,Law,Tax Law,
538,Law,Taxation-Federal,
539,Law,Taxation-Federal Estate and Gift,
540,Law,Taxation-State and Local,
541,Law,Taxation-Transnational,
542,Law,Torts,
543,Law,Transnational Law,
544,Law,Transportation Law,
545,Law,Water Law,
546,Law,Workers' Compensation Law,
547,Life Sciences,,
548,Life Sciences,Agriculture,
549,Life Sciences,Agriculture,Agricultural Economics
550,Life Sciences,Agriculture,Agricultural Education
551,Life Sciences,Agriculture,Apiculture
552,Life Sciences,Agriculture,Biosecurity
553,Life Sciences,Agriculture,Viticulture and Oenology
554,Life Sciences,Animal Sciences,
555,Life Sciences,Animal Sciences,Aquaculture and Fisheries
556,Life Sciences,Animal Sciences,Dairy Science
557,Life Sciences,Animal Sciences,Meat Science
558,Life Sciences,Animal Sciences,Ornithology
559,Life Sciences,Animal Sciences,Other Animal Sciences
560,Life Sciences,Animal Sciences,Poultry or Avian Science
561,Life Sciences,Animal Sciences,Sheep and Goat Science
562,Life Sciences,Animal Sciences,Zoology
563,Life Sciences,"Biochemistry, Biophysics, and Structural Biology",
564,Life Sciences,"Biochemistry, Biophysics, and Structural Biology",Biochemistry
565,Life Sciences,"Biochemistry, Biophysics, and Structural Biology",Biophysics
566,Life Sciences,"Biochemistry, Biophysics, and Structural Biology",Molecular Biology
567,Life Sciences,"Biochemistry, Biophysics, and Structural Biology","Other Biochemistry, Biophysics, and Structural Biology"
568,Life Sciences,"Biochemistry, Biophysics, and Structural Biology",Structural Biology
569,Life Sciences,Biodiversity,
570,Life Sciences,Bioinformatics,
571,Life Sciences,Biology,
572,Life Sciences,Biology,Integrative Biology
573,Life Sciences,Biotechnology,
574,Life Sciences,Cell and Developmental Biology,
575,Life Sciences,Cell and Developmental Biology,Cancer Biology
576,Life Sciences,Cell and Developmental Biology,Cell Anatomy
577,Life Sciences,Cell and Developmental Biology,Cell Biology
578,Life Sciences,Cell and Developmental Biology,Developmental Biology
579,Life Sciences,Cell and Developmental Biology,Other Cell and Developmental Biology
580,Life Sciences,Ecology and Evolutionary Biology,
581,Life Sciences,Ecology and Evolutionary Biology,Behavior and Ethology
582,Life Sciences,Ecology and Evolutionary Biology,Desert Ecology
583,Life Sciences,Ecology and Evolutionary Biology,Evolution
584,Life Sciences,Ecology and Evolutionary Biology,Other Ecology and Evolutionary Biology
585,Life Sciences,Ecology and Evolutionary Biology,Population Biology
586,Life Sciences,Ecology and Evolutionary Biology,Terrestrial and Aquatic Ecology
587,Life Sciences,Entomology,
588,Life Sciences,Food Science,
589,Life Sciences,Food Science,Food Biotechnology
590,Life Sciences,Food Science,Food Chemistry
591,Life Sciences,Food Science,Food Microbiology
592,Life Sciences,Food Science,Food Processing
593,Life Sciences,Food Science,Other Food Science
594,Life Sciences,Forest Sciences,
595,Life Sciences,Forest Sciences,Forest Biology
596,Life Sciences,Forest Sciences,Forest Management
597,Life Sciences,Forest Sciences,Other Forestry and Forest Sciences
598,Life Sciences,Forest Sciences,"Wood Science and Pulp, Paper Technology"
599,Life Sciences,Genetics and Genomics,
600,Life Sciences,Genetics and Genomics,Computational Biology
601,Life Sciences,Genetics and Genomics,Genetics
602,Life Sciences,Genetics and Genomics,Genomics
603,Life Sciences,Genetics and Genomics,Molecular Genetics
604,Life Sciences,Genetics and Genomics,Other Genetics and Genomics
605,Life Sciences,Immunology and Infectious Disease,
606,Life Sciences,Immunology and Infectious Disease,Immunity
607,Life Sciences,Immunology and Infectious Disease,Immunology of Infectious Disease
608,Life Sciences,Immunology and Infectious Disease,Immunopathology
609,Life Sciences,Immunology and Infectious Disease,Immunoprophylaxis and Therapy
610,Life Sciences,Immunology and Infectious Disease,Other Immunology and Infectious Disease
611,Life Sciences,Immunology and Infectious Disease,Parasitology
612,Life Sciences,Kinesiology,
613,Life Sciences,Kinesiology,Biomechanics
614,Life Sciences,Kinesiology,Exercise Science
615,Life Sciences,Kinesiology,Expeditionary Education
616,Life Sciences,Kinesiology,Motor Control
617,Life Sciences,Kinesiology,Other Kinesiology
618,Life Sciences,Kinesiology,Psychology of Movement
619,Life Sciences,Laboratory and Basic Science Research,
620,Life Sciences,Marine Biology,
621,Life Sciences,Microbiology,
622,Life Sciences,Microbiology,Bacteriology
623,Life Sciences,Microbiology,Environmental Microbiology and Microbial Ecology
624,Life Sciences,Microbiology,Microbial Physiology
625,Life Sciences,Microbiology,Organismal Biological Physiology
626,Life Sciences,Microbiology,Other Microbiology
627,Life Sciences,Microbiology,Pathogenic Microbiology
628,Life Sciences,Microbiology,Virology
629,Life Sciences,Neuroscience and Neurobiology,
630,Life Sciences,Neuroscience and Neurobiology,Behavioral Neurobiology
631,Life Sciences,Neuroscience and Neurobiology,Cognitive Neuroscience
632,Life Sciences,Neuroscience and Neurobiology,Computational Neuroscience
633,Life Sciences,Neuroscience and Neurobiology,Developmental Neuroscience
634,Life Sciences,Neuroscience and Neurobiology,Molecular and Cellular Neuroscience
635,Life Sciences,Neuroscience and Neurobiology,Other Neuroscience and Neurobiology
636,Life Sciences,Neuroscience and Neurobiology,Systems Neuroscience
637,Life Sciences,Nutrition,
638,Life Sciences,Nutrition,Comparative Nutrition
639,Life Sciences,Nutrition,Human and Clinical Nutrition
640,Life Sciences,Nutrition,International and Community Nutrition
641,Life Sciences,Nutrition,"Molecular, Genetic, and Biochemical Nutrition"
642,Life Sciences,Nutrition,Nutritional Epidemiology
643,Life Sciences,Nutrition,Other Nutrition
644,Life Sciences,Other Life Sciences,
645,Life Sciences,"Pharmacology, Toxicology and Environmental Health",
646,Life Sciences,"Pharmacology, Toxicology and Environmental Health",Environmental Health
647,Life Sciences,"Pharmacology, Toxicology and Environmental Health",Medicinal Chemistry and Pharmaceutics
648,Life Sciences,"Pharmacology, Toxicology and Environmental Health","Other Pharmacology, Toxicology and Environmental Health"
649,Life Sciences,"Pharmacology, Toxicology and Environmental Health",Pharmacology
650,Life Sciences,"Pharmacology, Toxicology and Environmental Health",Toxicology
651,Life Sciences,Physiology,
652,Life Sciences,Physiology,Cellular and Molecular Physiology
653,Life Sciences,Physiology,Comparative and Evolutionary Physiology
654,Life Sciences,Physiology,Endocrinology
655,Life Sciences,Physiology,Exercise Physiology
656,Life Sciences,Physiology,Other Physiology
657,Life Sciences,Physiology,Systems and Integrative Physiology
658,Life Sciences,Plant Sciences,
659,Life Sciences,Plant Sciences,Agricultural Science
660,Life Sciences,Plant Sciences,Agronomy and Crop Sciences
661,Life Sciences,Plant Sciences,Botany
662,Life Sciences,Plant Sciences,Bryology
663,Life Sciences,Plant Sciences,Fruit Science
664,Life Sciences,Plant Sciences,Horticulture
665,Life Sciences,Plant Sciences,Other Plant Sciences
666,Life Sciences,Plant Sciences,Plant Biology
667,Life Sciences,Plant Sciences,Plant Breeding and Genetics
668,Life Sciences,Plant Sciences,Plant Pathology
669,Life Sciences,Plant Sciences,Weed Science
670,Life Sciences,Research Methods in Life Sciences,
671,Life Sciences,Research Methods in Life Sciences,Animal Experimentation and Research
672,Life Sciences,Systems Biology,
673,Medicine and Health Sciences,,
674,Medicine and Health Sciences,Alternative and Complementary Medicine,
675,Medicine and Health Sciences,"Analytical, Diagnostic and Therapeutic Techniques and Equipment",
676,Medicine and Health Sciences,"Analytical, Diagnostic and Therapeutic Techniques and Equipment",Anesthesia and Analgesia
677,Medicine and Health Sciences,"Analytical, Diagnostic and Therapeutic Techniques and Equipment",Diagnosis
678,Medicine and Health Sciences,"Analytical, Diagnostic and Therapeutic Techniques and Equipment",Equipment and Supplies
679,Medicine and Health Sciences,"Analytical, Diagnostic and Therapeutic Techniques and Equipment",Investigative Techniques
680,Medicine and Health Sciences,"Analytical, Diagnostic and Therapeutic Techniques and Equipment","Other Analytical, Diagnostic and Therapeutic Techniques and Equipment"
681,Medicine and Health Sciences,"Analytical, Diagnostic and Therapeutic Techniques and Equipment","Surgical Procedures, Operative"
682,Medicine and Health Sciences,"Analytical, Diagnostic and Therapeutic Techniques and Equipment",Therapeutics
683,Medicine and Health Sciences,Anatomy,
684,Medicine and Health Sciences,Anatomy,Animal Structures
685,Medicine and Health Sciences,Anatomy,Body Regions
686,Medicine and Health Sciences,Anatomy,Cardiovascular System
687,Medicine and Health Sciences,Anatomy,Cells
688,Medicine and Health Sciences,Anatomy,Digestive System
689,Medicine and Health Sciences,Anatomy,Embryonic Structures
690,Medicine and Health Sciences,Anatomy,Endocrine System
691,Medicine and Health Sciences,Anatomy,Fluids and Secretions
692,Medicine and Health Sciences,Anatomy,Hemic and Immune Systems
693,Medicine and Health Sciences,Anatomy,Integumentary System
694,Medicine and Health Sciences,Anatomy,Musculoskeletal System
695,Medicine and Health Sciences,Anatomy,Nervous System
696,Medicine and Health Sciences,Anatomy,Respiratory System
697,Medicine and Health Sciences,Anatomy,Sense Organs
698,Medicine and Health Sciences,Anatomy,Stomatognathic System
699,Medicine and Health Sciences,Anatomy,Tissues
700,Medicine and Health Sciences,Anatomy,Urogenital System
701,Medicine and Health Sciences,Bioethics and Medical Ethics,
702,Medicine and Health Sciences,Chemicals and Drugs,
703,Medicine and Health Sciences,Chemicals and Drugs,"Amino Acids, Peptides, and Proteins"
704,Medicine and Health Sciences,Chemicals and Drugs,Biological Factors
705,Medicine and Health Sciences,Chemicals and Drugs,Biomedical and Dental Materials
706,Medicine and Health Sciences,Chemicals and Drugs,Carbohydrates
707,Medicine and Health Sciences,Chemicals and Drugs,Chemical Actions and Uses
708,Medicine and Health Sciences,Chemicals and Drugs,Complex Mixtures
709,Medicine and Health Sciences,Chemicals and Drugs,Enzymes and Coenzymes
710,Medicine and Health Sciences,Chemicals and Drugs,Heterocyclic Compounds
711,Medicine and Health Sciences,Chemicals and Drugs,"Hormones, Hormone Substitutes, and Hormone Antagonists"
712,Medicine and Health Sciences,Chemicals and Drugs,Inorganic Chemicals
713,Medicine and Health Sciences,Chemicals and Drugs,Lipids
714,Medicine and Health Sciences,Chemicals and Drugs,Macromolecular Substances
715,Medicine and Health Sciences,Chemicals and Drugs,"Nucleic Acids, Nucleotides, and Nucleosides"
716,Medicine and Health Sciences,Chemicals and Drugs,Organic Chemicals
717,Medicine and Health Sciences,Chemicals and Drugs,Other Chemicals and Drugs
718,Medicine and Health Sciences,Chemicals and Drugs,Pharmaceutical Preparations
719,Medicine and Health Sciences,Chemicals and Drugs,Polycyclic Compounds
720,Medicine and Health Sciences,Communication Sciences and Disorders,
721,Medicine and Health Sciences,Communication Sciences and Disorders,Speech and Hearing Science
722,Medicine and Health Sciences,Communication Sciences and Disorders,Speech Pathology and Audiology
723,Medicine and Health Sciences,Dentistry,
724,Medicine and Health Sciences,Dentistry,Dental Hygiene
725,Medicine and Health Sciences,Dentistry,Dental Materials
726,Medicine and Health Sciences,Dentistry,Dental Public Health and Education
727,Medicine and Health Sciences,Dentistry,Endodontics and Endodontology
728,Medicine and Health Sciences,Dentistry,Oral and Maxillofacial Surgery
729,Medicine and Health Sciences,Dentistry,Oral Biology and Oral Pathology
730,Medicine and Health Sciences,Dentistry,Orthodontics and Orthodontology
731,Medicine and Health Sciences,Dentistry,Other Dentistry
732,Medicine and Health Sciences,Dentistry,Pediatric Dentistry and Pedodontics
733,Medicine and Health Sciences,Dentistry,Periodontics and Periodontology
734,Medicine and Health Sciences,Dentistry,Prosthodontics and Prosthodontology
735,Medicine and Health Sciences,Dietetics and Clinical Nutrition,
736,Medicine and Health Sciences,Diseases,
737,Medicine and Health Sciences,Diseases,Animal Diseases
738,Medicine and Health Sciences,Diseases,Bacterial Infections and Mycoses
739,Medicine and Health Sciences,Diseases,Cardiovascular Diseases
740,Medicine and Health Sciences,Diseases,"Congenital, Hereditary, and Neonatal Diseases and Abnormalities"
741,Medicine and Health Sciences,Diseases,Digestive System Diseases
742,Medicine and Health Sciences,Diseases,Disease Modeling
743,Medicine and Health Sciences,Diseases,Disorders of Environmental Origin
744,Medicine and Health Sciences,Diseases,Endocrine System Diseases
745,Medicine and Health Sciences,Diseases,Eye Diseases
746,Medicine and Health Sciences,Diseases,Female Urogenital Diseases and Pregnancy Complications
747,Medicine and Health Sciences,Diseases,Hemic and Lymphatic Diseases
748,Medicine and Health Sciences,Diseases,Immune System Diseases
749,Medicine and Health Sciences,Diseases,Male Urogenital Diseases
750,Medicine and Health Sciences,Diseases,Musculoskeletal Diseases
751,Medicine and Health Sciences,Diseases,Neoplasms
752,Medicine and Health Sciences,Diseases,Nervous System Diseases
753,Medicine and Health Sciences,Diseases,Nutritional and Metabolic Diseases
754,Medicine and Health Sciences,Diseases,Otorhinolaryngologic Diseases
755,Medicine and Health Sciences,Diseases,Parasitic Diseases
756,Medicine and Health Sciences,Diseases,"Pathological Conditions, Signs and Symptoms"
757,Medicine and Health Sciences,Diseases,Respiratory Tract Diseases
758,Medicine and Health Sciences,Diseases,Skin and Connective Tissue Diseases
759,Medicine and Health Sciences,Diseases,Stomatognathic Diseases
760,Medicine and Health Sciences,Diseases,Virus Diseases
761,Medicine and Health Sciences,Health and Medical Administration,
762,Medicine and Health Sciences,Health Information Technology,
763,Medicine and Health Sciences,Health Information Technology,Telemedicine
764,Medicine and Health Sciences,Medical Education,
765,Medicine and Health Sciences,Medical Education,Interprofessional Education
766,Medicine and Health Sciences,Medical Humanities,
767,Medicine and Health Sciences,Medical Sciences,
768,Medicine and Health Sciences,Medical Sciences,"Biochemical Phenomena, Metabolism, and Nutrition"
769,Medicine and Health Sciences,Medical Sciences,"Biological Phenomena, Cell Phenomena, and Immunity"
770,Medicine and Health Sciences,Medical Sciences,Chemical and Pharmacologic Phenomena
771,Medicine and Health Sciences,Medical Sciences,Circulatory and Respiratory Physiology
772,Medicine and Health Sciences,Medical Sciences,"Digestive, Oral, and Skin Physiology"
773,Medicine and Health Sciences,Medical Sciences,Genetic Phenomena
774,Medicine and Health Sciences,Medical Sciences,Genetic Processes
775,Medicine and Health Sciences,Medical Sciences,Genetic Structures
776,Medicine and Health Sciences,Medical Sciences,Medical Anatomy
777,Medicine and Health Sciences,Medical Sciences,Medical Biochemistry
778,Medicine and Health Sciences,Medical Sciences,Medical Biomathematics and Biometrics
779,Medicine and Health Sciences,Medical Sciences,Medical Biophysics
780,Medicine and Health Sciences,Medical Sciences,Medical Biotechnology
781,Medicine and Health Sciences,Medical Sciences,Medical Cell Biology
782,Medicine and Health Sciences,Medical Sciences,Medical Genetics
783,Medicine and Health Sciences,Medical Sciences,Medical Immunology
784,Medicine and Health Sciences,Medical Sciences,Medical Microbiology
785,Medicine and Health Sciences,Medical Sciences,Medical Molecular Biology
786,Medicine and Health Sciences,Medical Sciences,Medical Neurobiology
787,Medicine and Health Sciences,Medical Sciences,Medical Nutrition
788,Medicine and Health Sciences,Medical Sciences,Medical Pathology
789,Medicine and Health Sciences,Medical Sciences,Medical Pharmacology
790,Medicine and Health Sciences,Medical Sciences,Medical Physiology
791,Medicine and Health Sciences,Medical Sciences,Medical Toxicology
792,Medicine and Health Sciences,Medical Sciences,"Musculoskeletal, Neural, and Ocular Physiology"
793,Medicine and Health Sciences,Medical Sciences,Neurosciences
794,Medicine and Health Sciences,Medical Sciences,Other Medical Sciences
795,Medicine and Health Sciences,Medical Sciences,Physiological Processes
796,Medicine and Health Sciences,Medical Sciences,Reproductive and Urinary Physiology
797,Medicine and Health Sciences,Medical Specialties,
798,Medicine and Health Sciences,Medical Specialties,Allergy and Immunology
799,Medicine and Health Sciences,Medical Specialties,Anesthesiology
800,Medicine and Health Sciences,Medical Specialties,Cardiology
801,Medicine and Health Sciences,Medical Specialties,Critical Care
802,Medicine and Health Sciences,Medical Specialties,Dermatology
803,Medicine and Health Sciences,Medical Specialties,Emergency Medicine
804,Medicine and Health Sciences,Medical Specialties,"Endocrinology, Diabetes, and Metabolism"
805,Medicine and Health Sciences,Medical Specialties,Family Medicine
806,Medicine and Health Sciences,Medical Specialties,Gastroenterology
807,Medicine and Health Sciences,Medical Specialties,Geriatrics
808,Medicine and Health Sciences,Medical Specialties,Hematology
809,Medicine and Health Sciences,Medical Specialties,Hepatology
810,Medicine and Health Sciences,Medical Specialties,Infectious Disease
811,Medicine and Health Sciences,Medical Specialties,Integrative Medicine
812,Medicine and Health Sciences,Medical Specialties,Internal Medicine
813,Medicine and Health Sciences,Medical Specialties,Nephrology
814,Medicine and Health Sciences,Medical Specialties,Neurology
815,Medicine and Health Sciences,Medical Specialties,Obstetrics and Gynecology
816,Medicine and Health Sciences,Medical Specialties,Oncology
817,Medicine and Health Sciences,Medical Specialties,Ophthalmology
818,Medicine and Health Sciences,Medical Specialties,Orthopedics
819,Medicine and Health Sciences,Medical Specialties,Osteopathic Medicine and Osteopathy
820,Medicine and Health Sciences,Medical Specialties,Other Medical Specialties
821,Medicine and Health Sciences,Medical Specialties,Otolaryngology
822,Medicine and Health Sciences,Medical Specialties,Palliative Care
823,Medicine and Health Sciences,Medical Specialties,Pathology
824,Medicine and Health Sciences,Medical Specialties,Pediatrics
825,Medicine and Health Sciences,Medical Specialties,Plastic Surgery
826,Medicine and Health Sciences,Medical Specialties,Podiatry
827,Medicine and Health Sciences,Medical Specialties,Preventive Medicine
828,Medicine and Health Sciences,Medical Specialties,Primary Care
829,Medicine and Health Sciences,Medical Specialties,Psychiatry
830,Medicine and Health Sciences,Medical Specialties,Pulmonology
831,Medicine and Health Sciences,Medical Specialties,Radiology
832,Medicine and Health Sciences,Medical Specialties,Rheumatology
833,Medicine and Health Sciences,Medical Specialties,Sleep Medicine
834,Medicine and Health Sciences,Medical Specialties,Sports Medicine
835,Medicine and Health Sciences,Medical Specialties,Surgery
836,Medicine and Health Sciences,Medical Specialties,Trauma
837,Medicine and Health Sciences,Medical Specialties,Tropical Medicine
838,Medicine and Health Sciences,Medical Specialties,Urology
839,Medicine and Health Sciences,Mental and Social Health,
840,Medicine and Health Sciences,Mental and Social Health,Animal-Assisted Therapy
841,Medicine and Health Sciences,Mental and Social Health,Art Therapy
842,Medicine and Health Sciences,Mental and Social Health,Clinical and Medical Social Work
843,Medicine and Health Sciences,Mental and Social Health,Cognitive Behavioral Therapy
844,Medicine and Health Sciences,Mental and Social Health,Community Health
845,Medicine and Health Sciences,Mental and Social Health,Marriage and Family Therapy and Counseling
846,Medicine and Health Sciences,Mental and Social Health,Other Mental and Social Health
847,Medicine and Health Sciences,Mental and Social Health,Psychiatric and Mental Health
848,Medicine and Health Sciences,Mental and Social Health,Psychoanalysis and Psychotherapy
849,Medicine and Health Sciences,Mental and Social Health,Substance Abuse and Addiction
850,Medicine and Health Sciences,Nanotechnology,
851,Medicine and Health Sciences,Nanotechnology,Nanomedicine
852,Medicine and Health Sciences,Nursing,
853,Medicine and Health Sciences,Nursing,Critical Care Nursing
854,Medicine and Health Sciences,Nursing,Family Practice Nursing
855,Medicine and Health Sciences,Nursing,Geriatric Nursing
856,Medicine and Health Sciences,Nursing,"Maternal, Child Health and Neonatal Nursing"
857,Medicine and Health Sciences,Nursing,Nursing Administration
858,Medicine and Health Sciences,Nursing,Nursing Midwifery
859,Medicine and Health Sciences,Nursing,Occupational and Environmental Health Nursing
860,Medicine and Health Sciences,Nursing,Other Nursing
861,Medicine and Health Sciences,Nursing,Pediatric Nursing
862,Medicine and Health Sciences,Nursing,"Perioperative, Operating Room and Surgical Nursing"
863,Medicine and Health Sciences,Nursing,Psychiatric and Mental Health Nursing
864,Medicine and Health Sciences,Nursing,Public Health and Community Nursing
865,Medicine and Health Sciences,Optometry,
866,Medicine and Health Sciences,Organisms,
867,Medicine and Health Sciences,Organisms,Algae
868,Medicine and Health Sciences,Organisms,Animals
869,Medicine and Health Sciences,Organisms,Archaea
870,Medicine and Health Sciences,Organisms,Bacteria
871,Medicine and Health Sciences,Organisms,Fungi
872,Medicine and Health Sciences,Organisms,Mesomycetozoea
873,Medicine and Health Sciences,Organisms,Plants
874,Medicine and Health Sciences,Organisms,Viruses
875,Medicine and Health Sciences,Other Medicine and Health Sciences,
876,Medicine and Health Sciences,Pharmacy and Pharmaceutical Sciences,
877,Medicine and Health Sciences,Pharmacy and Pharmaceutical Sciences,Medicinal and Pharmaceutical Chemistry
878,Medicine and Health Sciences,Pharmacy and Pharmaceutical Sciences,Natural Products Chemistry and Pharmacognosy
879,Medicine and Health Sciences,Pharmacy and Pharmaceutical Sciences,Other Pharmacy and Pharmaceutical Sciences
880,Medicine and Health Sciences,Pharmacy and Pharmaceutical Sciences,Pharmaceutics and Drug Design
881,Medicine and Health Sciences,Pharmacy and Pharmaceutical Sciences,Pharmacoeconomics and Pharmaceutical Economics
882,Medicine and Health Sciences,Pharmacy and Pharmaceutical Sciences,"Pharmacy Administration, Policy and Regulation"
883,Medicine and Health Sciences,Psychiatry and Psychology,
884,Medicine and Health Sciences,Psychiatry and Psychology,Behavior and Behavior Mechanisms
885,Medicine and Health Sciences,Psychiatry and Psychology,Behavioral Disciplines and Activities
886,Medicine and Health Sciences,Psychiatry and Psychology,Dance Movement Therapy
887,Medicine and Health Sciences,Psychiatry and Psychology,Mental Disorders
888,Medicine and Health Sciences,Psychiatry and Psychology,Other Psychiatry and Psychology
889,Medicine and Health Sciences,Psychiatry and Psychology,Psychological Phenomena and Processes
890,Medicine and Health Sciences,Public Health,
891,Medicine and Health Sciences,Public Health,Clinical Epidemiology
892,Medicine and Health Sciences,Public Health,Community Health and Preventive Medicine
893,Medicine and Health Sciences,Public Health,Environmental Public Health
894,Medicine and Health Sciences,Public Health,Epidemiology
895,Medicine and Health Sciences,Public Health,Health and Medical Physics
896,Medicine and Health Sciences,Public Health,Health Services Administration
897,Medicine and Health Sciences,Public Health,Health Services Research
898,Medicine and Health Sciences,Public Health,Influenza Humans
899,Medicine and Health Sciences,Public Health,Influenza Virus Vaccines
900,Medicine and Health Sciences,Public Health,International Public Health
901,Medicine and Health Sciences,Public Health,Maternal and Child Health
902,Medicine and Health Sciences,Public Health,Occupational Health and Industrial Hygiene
903,Medicine and Health Sciences,Public Health,Other Public Health
904,Medicine and Health Sciences,Public Health,Public Health Education and Promotion
905,Medicine and Health Sciences,Public Health,Women's Health
906,Medicine and Health Sciences,Rehabilitation and Therapy,
907,Medicine and Health Sciences,Rehabilitation and Therapy,Kinesiotherapy
908,Medicine and Health Sciences,Rehabilitation and Therapy,Movement and Mind-Body Therapies
909,Medicine and Health Sciences,Rehabilitation and Therapy,Occupational Therapy
910,Medicine and Health Sciences,Rehabilitation and Therapy,Orthotics and Prosthetics
911,Medicine and Health Sciences,Rehabilitation and Therapy,Other Rehabilitation and Therapy
912,Medicine and Health Sciences,Rehabilitation and Therapy,Physical Therapy
913,Medicine and Health Sciences,Rehabilitation and Therapy,Physiotherapy
914,Medicine and Health Sciences,Rehabilitation and Therapy,Recreational Therapy
915,Medicine and Health Sciences,Rehabilitation and Therapy,Respiratory Therapy
916,Medicine and Health Sciences,Rehabilitation and Therapy,Somatic Bodywork and Related Therapeutic Practices
917,Medicine and Health Sciences,Rehabilitation and Therapy,Vocational Rehabilitation Counseling
918,Medicine and Health Sciences,Sports Sciences,
919,Medicine and Health Sciences,Translational Medical Research,
920,Medicine and Health Sciences,Veterinary Medicine,
921,Medicine and Health Sciences,Veterinary Medicine,Comparative and Laboratory Animal Medicine
922,Medicine and Health Sciences,Veterinary Medicine,Large or Food Animal and Equine Medicine
923,Medicine and Health Sciences,Veterinary Medicine,Other Veterinary Medicine
924,Medicine and Health Sciences,Veterinary Medicine,Small or Companion Animal Medicine
925,Medicine and Health Sciences,Veterinary Medicine,Veterinary Anatomy
926,Medicine and Health Sciences,Veterinary Medicine,Veterinary Infectious Diseases
927,Medicine and Health Sciences,Veterinary Medicine,Veterinary Microbiology and Immunobiology
928,Medicine and Health Sciences,Veterinary Medicine,Veterinary Pathology and Pathobiology
929,Medicine and Health Sciences,Veterinary Medicine,Veterinary Physiology
930,Medicine and Health Sciences,Veterinary Medicine,"Veterinary Preventive Medicine, Epidemiology, and Public Health"
931,Medicine and Health Sciences,Veterinary Medicine,Veterinary Toxicology and Pharmacology
932,Physical Sciences and Mathematics,,
933,Physical Sciences and Mathematics,Applied Mathematics,
934,Physical Sciences and Mathematics,Applied Mathematics,Control Theory
935,Physical Sciences and Mathematics,Applied Mathematics,Dynamic Systems
936,Physical Sciences and Mathematics,Applied Mathematics,Non-linear Dynamics
937,Physical Sciences and Mathematics,Applied Mathematics,Numerical Analysis and Computation
938,Physical Sciences and Mathematics,Applied Mathematics,Ordinary Differential Equations and Applied Dynamics
939,Physical Sciences and Mathematics,Applied Mathematics,Other Applied Mathematics
940,Physical Sciences and Mathematics,Applied Mathematics,Partial Differential Equations
941,Physical Sciences and Mathematics,Applied Mathematics,Special Functions
942,Physical Sciences and Mathematics,Astrophysics and Astronomy,
943,Physical Sciences and Mathematics,Astrophysics and Astronomy,"Cosmology, Relativity, and Gravity"
944,Physical Sciences and Mathematics,Astrophysics and Astronomy,External Galaxies
945,Physical Sciences and Mathematics,Astrophysics and Astronomy,Instrumentation
946,Physical Sciences and Mathematics,Astrophysics and Astronomy,Other Astrophysics and Astronomy
947,Physical Sciences and Mathematics,Astrophysics and Astronomy,Physical Processes
948,Physical Sciences and Mathematics,Astrophysics and Astronomy,"Stars, Interstellar Medium and the Galaxy"
949,Physical Sciences and Mathematics,Astrophysics and Astronomy,The Sun and the Solar System
950,Physical Sciences and Mathematics,Chemistry,
951,Physical Sciences and Mathematics,Chemistry,Analytical Chemistry
952,Physical Sciences and Mathematics,Chemistry,Environmental Chemistry
953,Physical Sciences and Mathematics,Chemistry,Inorganic Chemistry
954,Physical Sciences and Mathematics,Chemistry,Materials Chemistry
955,Physical Sciences and Mathematics,Chemistry,Medicinal-Pharmaceutical Chemistry
956,Physical Sciences and Mathematics,Chemistry,Organic Chemistry
957,Physical Sciences and Mathematics,Chemistry,Other Chemistry
958,Physical Sciences and Mathematics,Chemistry,Physical Chemistry
959,Physical Sciences and Mathematics,Chemistry,Polymer Chemistry
960,Physical Sciences and Mathematics,Chemistry,Radiochemistry
961,Physical Sciences and Mathematics,Computer Sciences,
962,Physical Sciences and Mathematics,Computer Sciences,Artificial Intelligence and Robotics
963,Physical Sciences and Mathematics,Computer Sciences,Databases and Information Systems
964,Physical Sciences and Mathematics,Computer Sciences,Graphics and Human Computer Interfaces
965,Physical Sciences and Mathematics,Computer Sciences,Information Security
966,Physical Sciences and Mathematics,Computer Sciences,Numerical Analysis and Scientific Computing
967,Physical Sciences and Mathematics,Computer Sciences,OS and Networks
968,Physical Sciences and Mathematics,Computer Sciences,Other Computer Sciences
969,Physical Sciences and Mathematics,Computer Sciences,Programming Languages and Compilers
970,Physical Sciences and Mathematics,Computer Sciences,Software Engineering
971,Physical Sciences and Mathematics,Computer Sciences,Systems Architecture
972,Physical Sciences and Mathematics,Computer Sciences,Theory and Algorithms
973,Physical Sciences and Mathematics,Earth Sciences,
974,Physical Sciences and Mathematics,Earth Sciences,Biogeochemistry
975,Physical Sciences and Mathematics,Earth Sciences,Cosmochemistry
976,Physical Sciences and Mathematics,Earth Sciences,Geochemistry
977,Physical Sciences and Mathematics,Earth Sciences,Geology
978,Physical Sciences and Mathematics,Earth Sciences,Geomorphology
979,Physical Sciences and Mathematics,Earth Sciences,Geophysics and Seismology
980,Physical Sciences and Mathematics,Earth Sciences,Glaciology
981,Physical Sciences and Mathematics,Earth Sciences,Hydrology
982,Physical Sciences and Mathematics,Earth Sciences,Mineral Physics
983,Physical Sciences and Mathematics,Earth Sciences,Other Earth Sciences
984,Physical Sciences and Mathematics,Earth Sciences,Paleobiology
985,Physical Sciences and Mathematics,Earth Sciences,Paleontology
986,Physical Sciences and Mathematics,Earth Sciences,Sedimentology
987,Physical Sciences and Mathematics,Earth Sciences,Soil Science
988,Physical Sciences and Mathematics,Earth Sciences,Speleology
989,Physical Sciences and Mathematics,Earth Sciences,Stratigraphy
990,Physical Sciences and Mathematics,Earth Sciences,Tectonics and Structure
991,Physical Sciences and Mathematics,Earth Sciences,Volcanology
992,Physical Sciences and Mathematics,Environmental Sciences,
993,Physical Sciences and Mathematics,Environmental Sciences,Environmental Education
994,Physical Sciences and Mathematics,Environmental Sciences,Environmental Health and Protection
995,Physical Sciences and Mathematics,Environmental Sciences,Environmental Indicators and Impact Assessment
996,Physical Sciences and Mathematics,Environmental Sciences,Environmental Monitoring
997,Physical Sciences and Mathematics,Environmental Sciences,Natural Resource Economics
998,Physical Sciences and Mathematics,Environmental Sciences,Natural Resources and Conservation
999,Physical Sciences and Mathematics,Environmental Sciences,Natural Resources Management and Policy
1000,Physical Sciences and Mathematics,Environmental Sciences,"Oil, Gas, and Energy"
1001,Physical Sciences and Mathematics,Environmental Sciences,Other Environmental Sciences
1002,Physical Sciences and Mathematics,Environmental Sciences,Sustainability
1003,Physical Sciences and Mathematics,Environmental Sciences,Water Resource Management
1004,Physical Sciences and Mathematics,Mathematics,
1005,Physical Sciences and Mathematics,Mathematics,Algebra
1006,Physical Sciences and Mathematics,Mathematics,Algebraic Geometry
1007,Physical Sciences and Mathematics,Mathematics,Analysis
1008,Physical Sciences and Mathematics,Mathematics,Discrete Mathematics and Combinatorics
1009,Physical Sciences and Mathematics,Mathematics,Dynamical Systems
1010,Physical Sciences and Mathematics,Mathematics,Geometry and Topology
1011,Physical Sciences and Mathematics,Mathematics,Harmonic Analysis and Representation
1012,Physical Sciences and Mathematics,Mathematics,Logic and Foundations
1013,Physical Sciences and Mathematics,Mathematics,Number Theory
1014,Physical Sciences and Mathematics,Mathematics,Other Mathematics
1015,Physical Sciences and Mathematics,Mathematics,Set Theory
1016,Physical Sciences and Mathematics,Oceanography and Atmospheric Sciences and Meteorology,
1017,Physical Sciences and Mathematics,Oceanography and Atmospheric Sciences and Meteorology,Atmospheric Sciences
1018,Physical Sciences and Mathematics,Oceanography and Atmospheric Sciences and Meteorology,Climate
1019,Physical Sciences and Mathematics,Oceanography and Atmospheric Sciences and Meteorology,Fresh Water Studies
1020,Physical Sciences and Mathematics,Oceanography and Atmospheric Sciences and Meteorology,Meteorology
1021,Physical Sciences and Mathematics,Oceanography and Atmospheric Sciences and Meteorology,Oceanography
1022,Physical Sciences and Mathematics,Oceanography and Atmospheric Sciences and Meteorology,Other Oceanography and Atmospheric Sciences and Meteorology
1023,Physical Sciences and Mathematics,Other Physical Sciences and Mathematics,
1024,Physical Sciences and Mathematics,Physics,
1025,Physical Sciences and Mathematics,Physics,"Atomic, Molecular and Optical Physics"
1026,Physical Sciences and Mathematics,Physics,Biological and Chemical Physics
1027,Physical Sciences and Mathematics,Physics,Condensed Matter Physics
1028,Physical Sciences and Mathematics,Physics,Elementary Particles and Fields and String Theory
1029,Physical Sciences and Mathematics,Physics,Engineering Physics
1030,Physical Sciences and Mathematics,Physics,Fluid Dynamics
1031,Physical Sciences and Mathematics,Physics,Nuclear
1032,Physical Sciences and Mathematics,Physics,Optics
1033,Physical Sciences and Mathematics,Physics,Other Physics
1034,Physical Sciences and Mathematics,Physics,Plasma and Beam Physics
1035,Physical Sciences and Mathematics,Physics,Quantum Physics
1036,Physical Sciences and Mathematics,Physics,"Statistical, Nonlinear, and Soft Matter Physics"
1037,Physical Sciences and Mathematics,Statistics and Probability,
1038,Physical Sciences and Mathematics,Statistics and Probability,Applied Statistics
1039,Physical Sciences and Mathematics,Statistics and Probability,Biometry
1040,Physical Sciences and Mathematics,Statistics and Probability,Biostatistics
1041,Physical Sciences and Mathematics,Statistics and Probability,Categorical Data Analysis
1042,Physical Sciences and Mathematics,Statistics and Probability,Clinical Trials
1043,Physical Sciences and Mathematics,Statistics and Probability,Design of Experiments and Sample Surveys
1044,Physical Sciences and Mathematics,Statistics and Probability,Institutional and Historical
1045,Physical Sciences and Mathematics,Statistics and Probability,Longitudinal Data Analysis and Time Series
1046,Physical Sciences and Mathematics,Statistics and Probability,Microarrays
1047,Physical Sciences and Mathematics,Statistics and Probability,Multivariate Analysis
1048,Physical Sciences and Mathematics,Statistics and Probability,Other Statistics and Probability
1049,Physical Sciences and Mathematics,Statistics and Probability,Probability
1050,Physical Sciences and Mathematics,Statistics and Probability,Statistical Methodology
1051,Physical Sciences and Mathematics,Statistics and Probability,Statistical Models
1052,Physical Sciences and Mathematics,Statistics and Probability,Statistical Theory
1053,Physical Sciences and Mathematics,Statistics and Probability,Survival Analysis
1054,Physical Sciences and Mathematics,Statistics and Probability,Vital and Health Statistics
1055,Social and Behavioral Sciences,,
1056,Social and Behavioral Sciences,Agricultural and Resource Economics,
1057,Social and Behavioral Sciences,Agricultural and Resource Economics,Food Security
1058,Social and Behavioral Sciences,Animal Studies,
1059,Social and Behavioral Sciences,Anthropology,
1060,Social and Behavioral Sciences,Anthropology,Archaeological Anthropology
1061,Social and Behavioral Sciences,Anthropology,Biological and Physical Anthropology
1062,Social and Behavioral Sciences,Anthropology,Folklore
1063,Social and Behavioral Sciences,Anthropology,Linguistic Anthropology
1064,Social and Behavioral Sciences,Anthropology,Other Anthropology
1065,Social and Behavioral Sciences,Anthropology,Social and Cultural Anthropology
1066,Social and Behavioral Sciences,Communication,
1067,Social and Behavioral Sciences,Communication,Broadcast and Video Studies
1068,Social and Behavioral Sciences,Communication,Communication Technology and New Media
1069,Social and Behavioral Sciences,Communication,Critical and Cultural Studies
1070,Social and Behavioral Sciences,Communication,"Gender, Race, Sexuality, and Ethnicity in Communication"
1071,Social and Behavioral Sciences,Communication,Graphic Communications
1072,Social and Behavioral Sciences,Communication,Health Communication
1073,Social and Behavioral Sciences,Communication,International and Intercultural Communication
1074,Social and Behavioral Sciences,Communication,Interpersonal and Small Group Communication
1075,Social and Behavioral Sciences,Communication,Journalism Studies
1076,Social and Behavioral Sciences,Communication,Mass Communication
1077,Social and Behavioral Sciences,Communication,Organizational Communication
1078,Social and Behavioral Sciences,Communication,Other Communication
1079,Social and Behavioral Sciences,Communication,Public Relations and Advertising
1080,Social and Behavioral Sciences,Communication,Publishing
1081,Social and Behavioral Sciences,Communication,Social Influence and Political Communication
1082,Social and Behavioral Sciences,Communication,Social Media
1083,Social and Behavioral Sciences,Communication,Speech and Rhetorical Studies
1084,Social and Behavioral Sciences,Counseling,
1085,Social and Behavioral Sciences,Counseling,Counselor Education
1086,Social and Behavioral Sciences,Economics,
1087,Social and Behavioral Sciences,Economics,Behavioral Economics
1088,Social and Behavioral Sciences,Economics,Econometrics
1089,Social and Behavioral Sciences,Economics,Economic History
1090,Social and Behavioral Sciences,Economics,Economic Theory
1091,Social and Behavioral Sciences,Economics,Finance
1092,Social and Behavioral Sciences,Economics,Growth and Development
1093,Social and Behavioral Sciences,Economics,Health Economics
1094,Social and Behavioral Sciences,Economics,Income Distribution
1095,Social and Behavioral Sciences,Economics,Industrial Organization
1096,Social and Behavioral Sciences,Economics,International Economics
1097,Social and Behavioral Sciences,Economics,Labor Economics
1098,Social and Behavioral Sciences,Economics,Macroeconomics
1099,Social and Behavioral Sciences,Economics,Other Economics
1100,Social and Behavioral Sciences,Economics,Political Economy
1101,Social and Behavioral Sciences,Economics,Public Economics
1102,Social and Behavioral Sciences,Economics,Regional Economics
1103,Social and Behavioral Sciences,Environmental Studies,
1104,Social and Behavioral Sciences,Food Studies,
1105,Social and Behavioral Sciences,Geography,
1106,Social and Behavioral Sciences,Geography,Geographic Information Sciences
1107,Social and Behavioral Sciences,Geography,Human Geography
1108,Social and Behavioral Sciences,Geography,Nature and Society Relations
1109,Social and Behavioral Sciences,Geography,Other Geography
1110,Social and Behavioral Sciences,Geography,Physical and Environmental Geography
1111,Social and Behavioral Sciences,Geography,Remote Sensing
1112,Social and Behavioral Sciences,Geography,Spatial Science
1113,Social and Behavioral Sciences,International and Area Studies,
1114,Social and Behavioral Sciences,International and Area Studies,African Studies
1115,Social and Behavioral Sciences,International and Area Studies,Asian Studies
1116,Social and Behavioral Sciences,International and Area Studies,Eastern European Studies
1117,Social and Behavioral Sciences,International and Area Studies,Latin American Studies
1118,Social and Behavioral Sciences,International and Area Studies,Near and Middle Eastern Studies
1119,Social and Behavioral Sciences,International and Area Studies,Other International and Area Studies
1120,Social and Behavioral Sciences,International and Area Studies,Soviet and Post-Soviet Studies
1121,Social and Behavioral Sciences,Leadership Studies,
1122,Social and Behavioral Sciences,Legal Studies,
1123,Social and Behavioral Sciences,Legal Studies,Criminology and Criminal Justice
1124,Social and Behavioral Sciences,Legal Studies,Forensic Science and Technology
1125,Social and Behavioral Sciences,Legal Studies,Legal Theory
1126,Social and Behavioral Sciences,Legal Studies,Other Legal Studies
1127,Social and Behavioral Sciences,Leisure Studies,
1128,Social and Behavioral Sciences,Library and Information Science,
1129,Social and Behavioral Sciences,Library and Information Science,Archival Science
1130,Social and Behavioral Sciences,Library and Information Science,Cataloging and Metadata
1131,Social and Behavioral Sciences,Library and Information Science,Collection Development and Management
1132,Social and Behavioral Sciences,Library and Information Science,Information Literacy
1133,Social and Behavioral Sciences,Library and Information Science,Scholarly Communication
1134,Social and Behavioral Sciences,Library and Information Science,Scholarly Publishing
1135,Social and Behavioral Sciences,Linguistics,
1136,Social and Behavioral Sciences,Linguistics,Anthropological Linguistics and Sociolinguistics
1137,Social and Behavioral Sciences,Linguistics,Applied Linguistics
1138,Social and Behavioral Sciences,Linguistics,Comparative and Historical Linguistics
1139,Social and Behavioral Sciences,Linguistics,Computational Linguistics
1140,Social and Behavioral Sciences,Linguistics,Discourse and Text Linguistics
1141,Social and Behavioral Sciences,Linguistics,First and Second Language Acquisition
1142,Social and Behavioral Sciences,Linguistics,Language Description and Documentation
1143,Social and Behavioral Sciences,Linguistics,Morphology
1144,Social and Behavioral Sciences,Linguistics,Other Linguistics
1145,Social and Behavioral Sciences,Linguistics,Phonetics and Phonology
1146,Social and Behavioral Sciences,Linguistics,Psycholinguistics and Neurolinguistics
1147,Social and Behavioral Sciences,Linguistics,Semantics and Pragmatics
1148,Social and Behavioral Sciences,Linguistics,Syntax
1149,Social and Behavioral Sciences,Linguistics,Typological Linguistics and Linguistic Diversity
1150,Social and Behavioral Sciences,Organization Development,
1151,Social and Behavioral Sciences,Other Social and Behavioral Sciences,
1152,Social and Behavioral Sciences,Political Science,
1153,Social and Behavioral Sciences,Political Science,American Politics
1154,Social and Behavioral Sciences,Political Science,Comparative Politics
1155,Social and Behavioral Sciences,Political Science,International Relations
1156,Social and Behavioral Sciences,Political Science,Models and Methods
1157,Social and Behavioral Sciences,Political Science,Other Political Science
1158,Social and Behavioral Sciences,Political Science,Political Theory
1159,Social and Behavioral Sciences,Psychology,
1160,Social and Behavioral Sciences,Psychology,Applied Behavior Analysis
1161,Social and Behavioral Sciences,Psychology,Biological Psychology
1162,Social and Behavioral Sciences,Psychology,Child Psychology
1163,Social and Behavioral Sciences,Psychology,Clinical Psychology
1164,Social and Behavioral Sciences,Psychology,Cognition and Perception
1165,Social and Behavioral Sciences,Psychology,Cognitive Psychology
1166,Social and Behavioral Sciences,Psychology,Community Psychology
1167,Social and Behavioral Sciences,Psychology,Comparative Psychology
1168,Social and Behavioral Sciences,Psychology,Counseling Psychology
1169,Social and Behavioral Sciences,Psychology,Developmental Psychology
1170,Social and Behavioral Sciences,Psychology,Experimental Analysis of Behavior
1171,Social and Behavioral Sciences,Psychology,Health Psychology
1172,Social and Behavioral Sciences,Psychology,Industrial and Organizational Psychology
1173,Social and Behavioral Sciences,Psychology,Multicultural Psychology
1174,Social and Behavioral Sciences,Psychology,Other Psychology
1175,Social and Behavioral Sciences,Psychology,Pain Management
1176,Social and Behavioral Sciences,Psychology,Personality and Social Contexts
1177,Social and Behavioral Sciences,Psychology,Quantitative Psychology
1178,Social and Behavioral Sciences,Psychology,School Psychology
1179,Social and Behavioral Sciences,Psychology,Social Psychology
1180,Social and Behavioral Sciences,Psychology,Theory and Philosophy
1181,Social and Behavioral Sciences,Psychology,Transpersonal Psychology
1182,Social and Behavioral Sciences,"Public Affairs, Public Policy and Public Administration",
1183,Social and Behavioral Sciences,"Public Affairs, Public Policy and Public Administration",Defense and Security Studies
1184,Social and Behavioral Sciences,"Public Affairs, Public Policy and Public Administration",Economic Policy
1185,Social and Behavioral Sciences,"Public Affairs, Public Policy and Public Administration",Education Policy
1186,Social and Behavioral Sciences,"Public Affairs, Public Policy and Public Administration",Emergency and Disaster Management
1187,Social and Behavioral Sciences,"Public Affairs, Public Policy and Public Administration",Energy Policy
1188,Social and Behavioral Sciences,"Public Affairs, Public Policy and Public Administration",Environmental Policy
1189,Social and Behavioral Sciences,"Public Affairs, Public Policy and Public Administration",Health Policy
1190,Social and Behavioral Sciences,"Public Affairs, Public Policy and Public Administration",Infrastructure
1191,Social and Behavioral Sciences,"Public Affairs, Public Policy and Public Administration",Military and Veterans Studies
1192,Social and Behavioral Sciences,"Public Affairs, Public Policy and Public Administration","Other Public Affairs, Public Policy and Public Administration"
1193,Social and Behavioral Sciences,"Public Affairs, Public Policy and Public Administration",Peace and Conflict Studies
1194,Social and Behavioral Sciences,"Public Affairs, Public Policy and Public Administration","Policy Design, Analysis, and Evaluation"
1195,Social and Behavioral Sciences,"Public Affairs, Public Policy and Public Administration","Policy History, Theory, and Methods"
1196,Social and Behavioral Sciences,"Public Affairs, Public Policy and Public Administration",Public Administration
1197,Social and Behavioral Sciences,"Public Affairs, Public Policy and Public Administration",Public Affairs
1198,Social and Behavioral Sciences,"Public Affairs, Public Policy and Public Administration",Public Policy
1199,Social and Behavioral Sciences,"Public Affairs, Public Policy and Public Administration","Recreation, Parks and Tourism Administration"
1200,Social and Behavioral Sciences,"Public Affairs, Public Policy and Public Administration",Science and Technology Policy
1201,Social and Behavioral Sciences,"Public Affairs, Public Policy and Public Administration",Social Policy
1202,Social and Behavioral Sciences,"Public Affairs, Public Policy and Public Administration",Social Welfare
1203,Social and Behavioral Sciences,"Public Affairs, Public Policy and Public Administration",Terrorism Studies
1204,Social and Behavioral Sciences,"Public Affairs, Public Policy and Public Administration",Transportation
1205,Social and Behavioral Sciences,"Public Affairs, Public Policy and Public Administration",Urban Studies
1206,Social and Behavioral Sciences,Science and Technology Studies,
1207,Social and Behavioral Sciences,Social Statistics,
1208,Social and Behavioral Sciences,Social Work,
1209,Social and Behavioral Sciences,Sociology,
1210,Social and Behavioral Sciences,Sociology,Civic and Community Engagement
1211,Social and Behavioral Sciences,Sociology,Community-Based Learning
1212,Social and Behavioral Sciences,Sociology,Community-Based Research
1213,Social and Behavioral Sciences,Sociology,Criminology
1214,Social and Behavioral Sciences,Sociology,"Demography, Population, and Ecology"
1215,Social and Behavioral Sciences,Sociology,Domestic and Intimate Partner Violence
1216,Social and Behavioral Sciences,Sociology,Educational Sociology
1217,Social and Behavioral Sciences,Sociology,"Family, Life Course, and Society"
1218,Social and Behavioral Sciences,Sociology,Gender and Sexuality
1219,Social and Behavioral Sciences,Sociology,Gerontology
1220,Social and Behavioral Sciences,Sociology,Human Ecology
1221,Social and Behavioral Sciences,Sociology,Inequality and Stratification
1222,Social and Behavioral Sciences,Sociology,Medicine and Health
1223,Social and Behavioral Sciences,Sociology,Other Sociology
1224,Social and Behavioral Sciences,Sociology,Place and Environment
1225,Social and Behavioral Sciences,Sociology,Politics and Social Change
1226,Social and Behavioral Sciences,Sociology,"Quantitative, Qualitative, Comparative, and Historical Methodologies"
1227,Social and Behavioral Sciences,Sociology,Race and Ethnicity
1228,Social and Behavioral Sciences,Sociology,Regional Sociology
1229,Social and Behavioral Sciences,Sociology,Rural Sociology
1230,Social and Behavioral Sciences,Sociology,Service Learning
1231,Social and Behavioral Sciences,Sociology,"Social Control, Law, Crime, and Deviance"
1232,Social and Behavioral Sciences,Sociology,Social Psychology and Interaction
1233,Social and Behavioral Sciences,Sociology,Sociology of Culture
1234,Social and Behavioral Sciences,Sociology,Sociology of Religion
1235,Social and Behavioral Sciences,Sociology,"Theory, Knowledge and Science"
1236,Social and Behavioral Sciences,Sociology,Tourism
1237,Social and Behavioral Sciences,Sociology,"Work, Economy and Organizations"
1238,Social and Behavioral Sciences,Sports Studies,
1239,Social and Behavioral Sciences,Urban Studies and Planning,
